N�mero de caso,Tipo de caso,Subtipo de casos,Estado,Subestado,Detalles de lugar y otros,Fecha de notificaci�n,Unidad reportante,Dispositivo origen,Reportante,Zona,Acci�n tomada,Situaci�n,,,,,,,
701506,Ruidos o Molestias,Retiro de Consumidores de Alcohol en la v�a p�blica,,,,31-01-2018 23:59:12,Ciudadan�a Distrital (10),IVR,Desconocido  (993973347),,contribuye nte indica que en la cuadra dos de comnadante more se encunetran libando en la via publica, se le comunica al ro. bernuy quien al llegar dio las recomnedacioens y los retira del lugar, quedando tdos in novedad . op olortegui dni 40604964,Atendido,,,,,
701505,Interno,Operativo,,,,31-01-2018 23:58:24,Ciudadan�a Distrital (10),IVR,Desconocido  (993973347),,LLAMADA DE COORDINACION,Atendido / falsa alarma,,,,,,,
701504,Interno,Operativo,,,,31-01-2018 23:57:54,Ciudadan�a Distrital (10),IVR,Desconocido  (948321408),,llamada descartada,Atendido,,,,,,,
701503,Ruidos o Molestias,Apoyo Diverso al Contribuyente,,,,31-01-2018 23:57:09,Ciudadan�a Distrital (10),IVR,Desconocido  (948321408),,LLAMADA DESCARTADA,Atendido / falsa alarma,,,,,,,
701502,Interno,Operativo,,,,31-01-2018 23:56:08,Ciudadan�a Distrital (10),IVR,Desconocido  (924445112),,llamada descartada,Atendido / falsa alarma,,,,,,,
701501,Interno,Operativo,,,,31-01-2018 23:55:19,Ciudadan�a Distrital (10),IVR,Desconocido  (15617400),,llamada descartada,Descartado,,,,,,,
701500,Interno,Operativo,,,Direcci�n del comercio: AVN ELMER FAUCETT Num 196 Urb MARANGA C�digo del tipo de alarma: 01 Nombre del comercio: KFC 59 CONTISUYO DELIVERY C�digo del tipo de comercio: 9002 Tel�fono del contacto: 5055000 Nombre del contacto: KFC 59 CONTISUYO DELIVERYLIMA         PE ID de la terminal: 26303056 C�digo de ubicaci�n del comercio: 150136 (San Miguel) C�digo del comercio: 100123382,31-01-2018 23:48:03,Ciudadan�a Distrital (10),POS,KFC DELIVERY LA MARINA  (5055000),,SE LE DEVUELVE LA LLAMADA Y TODO SIN NOVEDAD,Atendido / falsa alarma,,,,,,,
701499,Ruidos o Molestias,Apoyo Diverso al Contribuyente,,,,31-01-2018 23:44:11,Ciudadan�a Distrital (10),IVR,Desconocido  (998542313),,llamada de coordiancion,Atendido,,,,,,,
701498,Interno,Operativo,,,,31-01-2018 23:41:34,Ciudadan�a Distrital (10),IVR,Desconocido  (992643363),,llamada descratda,Atendido / falsa alarma,,,,,,,
701497,Interno,Operativo,,,,31-01-2018 23:40:49,Ciudadan�a Distrital (10),IVR,Desconocido  (976926963),,LLAMADA DESCARTADA,Descartado,,,,,,,
701496,Interno,Operativo,,,,31-01-2018 23:40:13,Ciudadan�a Distrital (10),IVR,Desconocido  (992643363),,LLAMADA DESCARTADA,Descartado,,,,,,,
701495,Ruidos o Molestias,Desorden en V�a P�blica,,,,31-01-2018 23:40:02,Ciudadan�a Distrital (10),IVR,Desconocido  (986907571),,701490,Repetido,,,,,,,
701494,Interno,Operativo,,,Direcci�n del comercio: AVN ELMER FAUCETT Num 573 Urb MARANGA C�digo del tipo de alarma: 01 Nombre del comercio: BOTICAS BTL FAUCETT DV C�digo del tipo de comercio: 9002 Tel�fono del contacto: 4760599 Nombre del contacto: BOTICAS BTL FAUCETT DV   LIMA         PE ID de la terminal: 26045455 C�digo de ubicaci�n del comercio: 150136 (San Miguel) C�digo del comercio: 302629076,31-01-2018 23:39:40,Ciudadan�a Distrital (10),POS,BOTICAS BTL LA MARINA DELIVERY  (4760599),,se le devuelve la llamada y todo sin novedad,Atendido / falsa alarma,,,,,,,
701493,Interno,Operativo,,,,31-01-2018 23:39:19,Ciudadan�a Distrital (10),IVR,Desconocido  (992643363),,LLAMADA DESCARTADA,Descartado,,,,,,,
701492,Interno,Operativo,,,,31-01-2018 23:39:17,Ciudadan�a Distrital (10),IVR,Desconocido  (923921383),,llamada no concretada,Atendido / falsa alarma,,,,,,,
701491,Interno,Operativo,,,,31-01-2018 23:36:52,Ciudadan�a Distrital (10),IVR,Desconocido  (943457903),,llamada no concretada,Atendido / falsa alarma,,,,,,,
701490,Ruidos o Molestias,Perturbaci�n Vecinal,,,,31-01-2018 23:36:22,Ciudadan�a Distrital (10),IVR,Desconocido  (15658934),,contribuyente indica que en la av. venezuela/ rivaguero se encunetran un grupo de personas al parecer barras bravas, quienes estan pasando por el lugar y causando destrozo por el sector, se le comunica a la unidad del sectro i-04, i-24 y grupo ERI, y efectivos policiales, quienes resgaudaron el paso de los sugetos, quedando todo sin novedad op. olortegui dni 40604964,Atendido,
701489,Ruidos o Molestias,Apoyo Diverso al Contribuyente,,,,31-01-2018 23:30:40,Ciudadan�a Distrital (10),IVR,Desconocido  (986268043),,contribuyente indica que en la calle fortunato quesada nos indican que se encunetra un auto negro en actitud sospechosa, s ele comunica a la s uniddades dels ectro para que esten en constante patrullaje, ya que nos indican que el vehiculo esta rondando el lugar, op. olortegui dni 40604964,Atendido,,,,
701488,Interno,Operativo,,,,31-01-2018 23:29:58,Ciudadan�a Distrital (10),IVR,Desconocido  (986268043),,llamada descartada,Atendido / falsa alarma,,,,,,,
701487,Interno,Operativo,,,,31-01-2018 23:29:40,Ciudadan�a Distrital (10),IVR,Desconocido  (983338057),,llamada descartada,Descartado,,,,,,,
701486,Interno,Operativo,,,,31-01-2018 23:28:53,Ciudadan�a Distrital (10),IVR,Desconocido  (983338057),,llamada descartada,Atendido / falsa alarma,,,,,,,
701485,Interno,Operativo,,,,31-01-2018 23:27:15,Ciudadan�a Distrital (10),IVR,Desconocido  (983338057),,LLAMADA DESCARTADA,Descartado,,,,,,,
701484,Ruidos o Molestias,Retiro de Autos Mal Estacionados,,,,31-01-2018 23:26:51,Ciudadan�a Distrital (10),IVR,Desconocido  (963734613),,contribuyente indica que en precursores se encunetra un auto que esta obtacukizando las cocheras, s ele comunica a la unidad del sectro quien al llegar dio las recomnedacione y quedando todo sin novedad . op olortegui,Atendido,,,,,,
701483,Interno,Operativo,,,,31-01-2018 23:26:17,Ciudadan�a Distrital (10),IVR,Desconocido  (983338057),,LLAMADA DESCAARTADA,Atendido / falsa alarma,,,,,,,
701482,Interno,Operativo,,,,31-01-2018 23:24:24,Ciudadan�a Distrital (10),IVR,Desconocido  (963734613),,LLAMADA DESCARTADA,Atendido / falsa alarma,,,,,,,
701481,Ruidos o Molestias,Retiro de Consumidores de Alcohol en la v�a p�blica,,,,31-01-2018 23:22:00,Ciudadan�a Distrital (10),IVR,Desconocido  (940533505),,contribuyente indica que en el pasaje nartin de murua se encuentran libando en la via publica, s ele comunica al ro. bernuy quien comunica a la unidad dels ectro quien al llegar dio las recomnedaciones y quienes proseden a retirarse, quedando todo sin novedad op. olortegui dni 40604964,Atendido,,,,,
701480,Interno,Operativo,,,,31-01-2018 23:21:15,Ciudadan�a Distrital (10),IVR,Desconocido  (940533505),,LLAMADA DESCARTADA,Descartado,,,,,,,
701479,Interno,Operativo,,,,31-01-2018 23:20:26,Ciudadan�a Distrital (10),IVR,Desconocido  (940533505),,LLAMADA DESCARTADA,Descartado,,,,,,,
701478,Ruidos o Molestias,Apoyo Diverso al Contribuyente,,,,31-01-2018 23:17:24,Ciudadan�a Distrital (10),IVR,Desconocido  (985582350),,701460,Atendido,,,,,,,
701477,Interno,Operativo,,,,31-01-2018 23:14:45,Ciudadan�a Distrital (10),IVR,Desconocido  (963734613),,llamada descartada,Atendido / falsa alarma,,,,,,,
701476,Interno,Operativo,,,Direcci�n del comercio: AVN UNIVERSITARIA NUM 692-694 C�digo del tipo de alarma: 01 Nombre del comercio: PHD 11 UNIVERSITARIA DV C�digo del tipo de comercio: 9002 Tel�fono del contacto: 982382918 Nombre del contacto: PHD 11 UNIVERSITARIA DV  LIMA         PE ID de la terminal: 24098367 C�digo de ubicaci�n del comercio: 150136 (San Miguel) C�digo del comercio: 153045107,31-01-2018 23:14:14,Ciudadan�a Distrital (10),POS,PIZZA HUT DELIVERY  (982382918),,se le devuelve la llamada y tod sin novedad,Atendido,,,,,,,
701475,Ruidos o Molestias,Apoyo Diverso al Contribuyente,,,,31-01-2018 23:13:27,Ciudadan�a Distrital (10),IVR,Desconocido  (996132556),,contribuyente indica que en la av. la marina 2260 se encuentra un estudio de musica en el lugar, que ocasiona ruidos y causa molestia a los vecinos del lugar, esta llamada es realizada a las (22:53) el contribuyente devuelve la llamada a las 23:10 indicando y ya de manera ofuscada que no fue atendido como se escucha en el audo de la llamada (701467) y a quien solo cuelgo la llamada y quien al momento realiza otra llamada a los tres minutos, numero de caso (701475 )quien pide mis apellidos y se los brindo y luego se acerca a la central de manera malcriada y pidiendo mi nombre, y a quien le di reiterada veces, indisponiendo a mis compa�eros de turno, insultando y probocando a los compa�eros de turno, comunicanso esta novedad al se�or Santa Cruz. op. Olortegui DNI:40604964,Atendido
701474,Interno,Operativo,,,,31-01-2018 23:13:02,Ciudadan�a Distrital (10),IVR,Desconocido  (992708489),,llamada descartada,Atendido / falsa alarma,,,,,,,
701473,Interno,Operativo,,,,31-01-2018 23:12:51,Ciudadan�a Distrital (10),IVR,Desconocido  (996132556),,LLAMADA DESCARTADA,Descartado,,,,,,,
701472,Interno,Operativo,,,Direcci�n del comercio: AVN ELMER FAUCETT Num 196 Urb MARANGA C�digo del tipo de alarma: 01 Nombre del comercio: PHD 03 CONTISUYO DELIVERY C�digo del tipo de comercio: 9002 Tel�fono del contacto: 5055000 Nombre del contacto: PHD 03 CONTISUYO DELIVERYLIMA         PE ID de la terminal: 26671372 C�digo de ubicaci�n del comercio: 150136 (San Miguel) C�digo del comercio: 153045081,31-01-2018 23:12:40,Ciudadan�a Distrital (10),POS,KFC DELIVERY LA MARINA  (5055000),,se devuelve la llamada del establecimiento indicando que todo se encuentra sin novedad,Atendido / falsa alarma,,,,,,,
701471,Interno,Operativo,,,,31-01-2018 23:12:03,Ciudadan�a Distrital (10),IVR,Desconocido  (996132556),,LLAMADA DESCARTADA,Descartado,,,,,,,
701470,Interno,Operativo,,,,31-01-2018 23:11:43,Ciudadan�a Distrital (10),IVR,Desconocido  (992708489),,LLAMADA DESCARTADA,Descartado,,,,,,,
701469,Interno,Operativo,,,,31-01-2018 23:11:22,Ciudadan�a Distrital (10),IVR,Desconocido  (998881998),,llamada descartada,Atendido / falsa alarma,,,,,,,
701468,Interno,Operativo,,,,31-01-2018 23:10:52,Ciudadan�a Distrital (10),IVR,Desconocido  (992708489),,LLAMADA DESCRATADA,Descartado,,,,,,,
701467,Ruidos o Molestias,Apoyo Diverso al Contribuyente,,,,31-01-2018 23:10:51,Ciudadan�a Distrital (10),IVR,Desconocido  (996132556),,contribuyente indica que en la av. la marina 2260 se encuentra un estudio de musica en el lugar, que ocasiona ruidos y causa molestia a los vecinos del lugar, esta llamada es realizada a las (22:53) el contribuyente devuelve la llamada a las 23:10 indicando y ya de manera ofuscada que no fue atendido como se escucha en el audo de la llamada (701467) y a quien solo cuelgo la llamada y quien al momento realiza otra llamada a los tres minutos, numero de caso (701475 )quien pide mis apellidos y se los brindo y luego se acerca a la central de manera malcriada y pidiendo mi nombre, y a quien le di reiterada veces, indisponiendo a mis compa�eros de turno, insultando y probocando a los compa�eros de turno, comunicanso esta novedad al se�or Santa Cruz. op. Olortegui DNI:40604964,Atendido
701466,Interno,Operativo,,,,31-01-2018 23:10:33,Ciudadan�a Distrital (10),IVR,Desconocido  (998881998),,LLAMADA DESCARTADA,Descartado,,,,,,,
701465,Interno,Operativo,,,Direcci�n del comercio: AVN LA MARINA S/N NRO . C�digo del tipo de alarma: 01 Nombre del comercio: CINEPLANET SMIGUEL2 CONFT C�digo del tipo de comercio: 7777 Tel�fono del contacto: 6194400 Nombre del contacto: CINEPLANET SMIGUEL2 CONFTLIMA         PE ID de la terminal: 26465424 C�digo de ubicaci�n del comercio: 150136 (San Miguel) C�digo del comercio: 429683563,31-01-2018 23:09:57,Ciudadan�a Distrital (10),POS,CINEPLANET SAN MIGUEL CONFITERIA  (6194400),,se devuelve la llamada del establecimiento indicando que todo se encuentra sin novedad,Atendido / falsa alarma,,,,,,,
701464,Interno,Operativo,,,,31-01-2018 23:09:47,Ciudadan�a Distrital (10),IVR,Desconocido  (998881998),,LLAMADA DESCARTADA,Atendido / falsa alarma,,,,,,,
701463,Ruidos o Molestias,Apoyo Diverso al Contribuyente,,,,31-01-2018 23:06:47,Ciudadan�a Distrital (10),IVR,Desconocido  (975642140),,llamada de apoyo a contribuyente,Atendido,,,,,,,
701462,Interno,Operativo,,,,31-01-2018 23:06:00,Ciudadan�a Distrital (10),IVR,Desconocido  (975642140),,llamada descartada,Descartado,,,,,,,
701461,Ruidos o Molestias,Apoyo Diverso al Contribuyente,,,,31-01-2018 23:03:47,Ciudadan�a Distrital (10),IVR,Desconocido  (985582350),,contribuyente indica que hay un vehiculo mal estacionado en la calle cuzco /castilla, s ele comunica a la unidad de la zona quien al llebgar perofoneo y encontrando al due�o, quien tambien es vecino y retirardo el vehiculo, quedando todo sin novedad. op olortegui dni 40604964,Atendido,,,,
701460,Interno,Operativo,,,,31-01-2018 23:03:47,Ciudadan�a Distrital (10),IVR,Desconocido  (998542313),,LLAMADA DE COORDINacion,Atendido / falsa alarma,,,,,,,
701459,Interno,Operativo,,,,31-01-2018 23:03:26,Ciudadan�a Distrital (10),IVR,Desconocido  (14645950),,llamada descartada,Descartado,,,,,,,
701458,Ruidos o Molestias,Apoyo Diverso al Contribuyente,,,,31-01-2018 23:02:04,Ciudadan�a Distrital (10),IVR,Desconocido  (14645950),,llamada descartada,Descartado,,,,,,,
701457,Interno,Operativo,,,Direcci�n del comercio: AVN LA MARINA NUM 2093 C�digo del tipo de alarma: 01 Nombre del comercio: TELEPIZZA DELIVERY C�digo del tipo de comercio: 9002 Tel�fono del contacto: 990586965 Nombre del contacto: TELEPIZZA DELIVERY       LIMA         PE ID de la terminal: 26281336 C�digo de ubicaci�n del comercio: 150136 (San Miguel) C�digo del comercio: 538225710,31-01-2018 23:01:26,Ciudadan�a Distrital (10),POS,TELEPIZZA DELIVERY  (990586965),,se devuelve la llamada del establecimiento indicando que todo se encuentra sin novedad,Atendido / falsa alarma,,,,,,,
701456,Interno,Operativo,,,,31-01-2018 23:00:38,Ciudadan�a Distrital (10),IVR,Desconocido  (998328990),,llamada de coordinacion,Atendido / falsa alarma,,,,,,,
701455,Interno,Operativo,,,Direcci�n del comercio: AVN LA MARINA NRO 2631 C�digo del tipo de alarma: 01 Nombre del comercio: RUSTICA C�digo del tipo de comercio: 9002 Tel�fono del contacto: 5780268 Nombre del contacto: RUSTICA                  LIMA         PE ID de la terminal: 23987089 C�digo de ubicaci�n del comercio: 150136 (San Miguel) C�digo del comercio: 600135501,31-01-2018 23:00:17,Ciudadan�a Distrital (10),POS,RUSTICA -  AVN LA MARINA NRO 2631 (5780268),,se devuelve la llamada del establecimiento indicando que todo se encuentra sin novedad,Atendido,,,,,,,
701454,Interno,Operativo,,,Direcci�n del comercio: AVN BRIGIDO SILVA DE OCHOA NRO 390 CSR NO BLK NO C�digo del tipo de alarma: 01 Nombre del comercio: PIZZERIA ZARELLE C�digo del tipo de comercio: 7777 Tel�fono del contacto: 015661260 Nombre del contacto: PIZZERIA ZARELLE         LIMA         PE ID de la terminal: 25771621 C�digo de ubicaci�n del comercio: 150136 (San Miguel) C�digo del comercio: 950059602,31-01-2018 22:56:06,Ciudadan�a Distrital (10),POS,Desconocido  (15661260),,se devuelve la llamada del establecimiento indicando que todo se encuentra sin novedad,Atendido,,,,,,,
701453,Interno,Operativo,,,Direcci�n del comercio: AVN LA MARINA Num 3151 C�digo del tipo de alarma: 01 Nombre del comercio: RODIZIO LA MARINA C�digo del tipo de comercio: 9002 Tel�fono del contacto: 5944929 Nombre del contacto: RODIZIO LA MARINA        LIMA         PE ID de la terminal: 22809746 C�digo de ubicaci�n del comercio: 150136 (San Miguel) C�digo del comercio: 380286628,31-01-2018 22:55:35,Ciudadan�a Distrital (10),POS,RODIZIO LA MARINA  (5944929),,SE LE DEVUELVE LA LLAMADA Y TOOD SIN NOVEDAD,Atendido / falsa alarma,,,,,,,
701452,Interno,Operativo,,,,31-01-2018 22:54:19,Ciudadan�a Distrital (10),IVR,Desconocido  (998131004),,LLAMADA DESCARTADA,Atendido / falsa alarma,,,,,,,
701451,Ruidos o Molestias,Apoyo Diverso al Contribuyente,,,,31-01-2018 22:54:18,Ciudadan�a Distrital (10),IVR,Desconocido  (997506881),,LLAMADA DE COORDINACION,Atendido,,,,,,,
701450,Ruidos o Molestias,Apoyo Diverso al Contribuyente,,,,31-01-2018 22:52:56,Ciudadan�a Distrital (10),IVR,Desconocido  (997506881),,llamada descartada,Descartado,,,,,,,
701449,Interno,Operativo,,,,31-01-2018 22:52:43,Ciudadan�a Distrital (10),IVR,Desconocido  (998131004),,LLAMADA DESCARTADA,Descartado,,,,,,,
701448,Ruidos o Molestias,Ruidos por M�sica y/o Fiestas,,,,31-01-2018 22:52:09,Ciudadan�a Distrital (10),IVR,Desconocido  (996132556),,contribuyente indica que en la av. la marina 2260 se encuentra un estudio de musica en el lugar, que ocasiona ruidos y causa molestia a los vecinos del lugar, esta llamada es realizada a las (22:53) el contribuyente devuelve la llamada a las 23:10 indicando y ya de manera ofuscada que no fue atendido como se escucha en el audo de la llamada (701467) y a quien solo cuelgo la llamada y quien al momento realiza otra llamada a los tres minutos, numero de caso (701475 )quien pide mis apellidos y se los brindo y luego se acerca a la central de manera malcriada y pidiendo mi nombre, y a quien le di reiterada veces, indisponiendo a mis compa�eros de turno, insultando y probocando a los compa�eros de turno, comunicanso esta novedad al se�or Santa Cruz. op. Olortegui DNI:40604964,Atendido
701447,Interno,Operativo,,,Direcci�n del comercio: JRN UCAYALI NRO 140 INT 1 C�digo del tipo de alarma: 01 Nombre del comercio: TRATTORIA EL BAMBINO C�digo del tipo de comercio: 7777 Tel�fono del contacto: 4644228 Nombre del contacto: TRATTORIA EL BAMBINO     LIMA         PE ID de la terminal: 25855606 C�digo de ubicaci�n del comercio: 150136 (San Miguel) C�digo del comercio: 903793501,31-01-2018 22:51:13,Ciudadan�a Distrital (10),POS,02 TRATTORIA EL BAMBINO  (4644228),,SE LE DEVUELVE LA LLAMADA Y TOOD SIN NOVEDAD,Atendido / falsa alarma,,,,,,,
701446,Interno,Operativo,,,,31-01-2018 22:50:35,Ciudadan�a Distrital (10),IVR,Desconocido  (985582350),,llamada descartada,Descartado,,,,,,,
701445,Ruidos o Molestias,Apoyo Diverso al Contribuyente,,,,31-01-2018 22:49:58,Ciudadan�a Distrital (10),IVR,Desconocido  (980701079),,contribuyente indica que en la calle manuel estacio cuadra 01, nos indica que estan relaizando ruidos molestos en el lugar, se le comunica a la unidda del sectro quien al llegar nos indica que es una iglesia evangelista y en media hora terminan sus oraciones , quedando todo sin  novedad op. olortegui,Atendido,,,,
701444,Ruidos o Molestias,Perturbaci�n Vecinal,,,,31-01-2018 22:48:23,Ciudadan�a Distrital (10),IVR,Desconocido  (998131004),,contribuyente indica que en la calle araoz pinto se encuentra un grupo d esugetos que estan realizando canciones con palabras bulgares, se le comunica al ro. bernuy, quiennenvio a la unidda del sector, quien nos indica que al llegar dio las recomnedaciones del caso y retirandolos del luga, quedando tood sin novedad op. olortegui,Atendido,,,
701443,Interno,Operativo,,,Direcci�n del comercio: AVN PARQUE DE LAS LEYENDAS NRO 353 INT A C�digo del tipo de alarma: 01 Nombre del comercio: EL ALAMBIQUE LICORERIA C�digo del tipo de comercio: 7001 (HOTELES) Tel�fono del contacto: 947639780 Nombre del contacto: EL ALAMBIQUE LICORERIA   LIMA         PE ID de la terminal: 25277236 C�digo de ubicaci�n del comercio: 150136 (San Miguel) C�digo del comercio: 601155202,31-01-2018 22:47:14,Ciudadan�a Distrital (10),POS,EL ALAMBIQUE LICORERIA -  AVN PARQUE DE LAS LEYENDAS NRO 353 INT A (947639780),,17285933,Atendido / falsa alarma,,,,,,,
701442,Interno,Operativo,,,Direcci�n del comercio: AVN ELMER FOCE NRO 399 C�digo del tipo de alarma: 01 Nombre del comercio: INKAFARMA DELIVERY C�digo del tipo de comercio: 9002 Tel�fono del contacto: 4640814 Nombre del contacto: INKAFARMA DELIVERY       LIMA         PE ID de la terminal: 25446489 C�digo de ubicaci�n del comercio: 150136 (San Miguel) C�digo del comercio: 331066919,31-01-2018 22:47:12,Ciudadan�a Distrital (10),POS,BOTICAS INKAFARMA DELIVERY  (4640814),,SE LE DEVUELVE LA LLAMADA Y TODO SIN NOVEDAD,Atendido / falsa alarma,,,,,,,
701441,Interno,Operativo,,,Direcci�n del comercio: JRN INCLAN NRO 298 C�digo del tipo de alarma: 01 Nombre del comercio: ALI MARKET C�digo del tipo de comercio: 7777 Tel�fono del contacto: 015664824 Nombre del contacto: ALI MARKET               LIMA         PE ID de la terminal: 32292078 C�digo de ubicaci�n del comercio: 150136 (San Miguel) C�digo del comercio: 933954701,31-01-2018 22:45:36,Ciudadan�a Distrital (10),POS,USKAY MARKET -  AVN LA  LIBERTAD NRO 788 (15664824),,17285933,Atendido / falsa alarma,,,,,,,
701440,Interno,Operativo,,,,31-01-2018 22:42:50,Ciudadan�a Distrital (10),IVR,Desconocido  (975642140),,LLAMADA DESCARTADA,Atendido / falsa alarma,,,,,,,
701439,Interno,Operativo,,,Direcci�n del comercio: AVN UNIVERSITARIA NUM 696 C�digo del tipo de alarma: 01 Nombre del comercio: KFC 70 UNIVERSITARIA DV C�digo del tipo de comercio: 9002 Tel�fono del contacto: 989313154 Nombre del contacto: KFC 70 UNIVERSITARIA DV  LIMA         PE ID de la terminal: 26617369 C�digo de ubicaci�n del comercio: 150136 (San Miguel) C�digo del comercio: 100123009,31-01-2018 22:42:32,Ciudadan�a Distrital (10),POS,KENTUCKY FRIED CHICKEN DELIVERY  (989313154),,SE LE DEVUELVE LA LLAMADA Y TODO SIN NOVEDAD,Atendido / falsa alarma,,,,,,,
701438,Interno,Operativo,,,Direcci�n del comercio: AVN UNIVERSITARIA NUM 692-694 C�digo del tipo de alarma: 01 Nombre del comercio: PHD 11 UNIVERSITARIA DV C�digo del tipo de comercio: 9002 Tel�fono del contacto: 982382918 Nombre del contacto: PHD 11 UNIVERSITARIA DV  LIMA         PE ID de la terminal: 26465585 C�digo de ubicaci�n del comercio: 150136 (San Miguel) C�digo del comercio: 153045107,31-01-2018 22:38:16,Ciudadan�a Distrital (10),POS,PIZZA HUT DELIVERY  (982382918),,SE DEVUELVE LA LLAMADA INDICAN TODO SIN NOVEDAD.,Atendido / falsa alarma,,,,,,,
701437,Interno,Operativo,,,,31-01-2018 22:36:53,Ciudadan�a Distrital (10),IVR,Desconocido  (998996898),,llamada de coordinacion,Atendido / falsa alarma,,,,,,,
701436,Interno,Operativo,,,,31-01-2018 22:36:34,Ciudadan�a Distrital (10),IVR,Desconocido  (998996898),,LLAMADA NO CONCRETADA.,Descartado,,,,,,,
701435,Denuncia Policiales,Atropello,,,Direcci�n del comercio: AVN LA MARINA 2201 INT 2235 C�digo del tipo de alarma: 01 Nombre del comercio: KFC 33 DINTILHAC LAMARINA C�digo del tipo de comercio: 5814 (Cafeterias, snacks, servicio express) Tel�fono del contacto: 4213450 Nombre del contacto: KFC 33 DINTILHAC LAMARINALIMA         PE ID de la terminal: 23843458 C�digo de ubicaci�n del comercio: 150136 (San Miguel) C�digo del comercio: 100123331,31-01-2018 22:32:57,Ciudadan�a Distrital (10),POS,CHILIS GRILL AND BAR 03  (4213450),,LLAMADA DE COORDINACION.,Atendido,,,,,
701434,Interno,Operativo,,,,31-01-2018 22:32:37,Ciudadan�a Distrital (10),IVR,Desconocido  (996132556),,LLAMADA DE COORDINACION,Repetido,,,,,,,
701433,Interno,Operativo,,,,31-01-2018 22:31:48,Ciudadan�a Distrital (10),IVR,Desconocido  (996132556),,LLAMADA NO CONCRETADA.,Descartado,,,,,,,
701432,Interno,Operativo,,,,31-01-2018 22:31:27,Ciudadan�a Distrital (10),IVR,Desconocido  (984081398),,LLAMADA DE COORDINACION.,Repetido,,,,,,,
701431,Ruidos o Molestias,Apoyo Diverso al Contribuyente,,,Direcci�n del comercio: AVN LA MARINA Num 2097 C�digo del tipo de alarma: 01 Nombre del comercio: BOTICAS BTL LA MARINA DV C�digo del tipo de comercio: 9002 Tel�fono del contacto: 4760599 Nombre del contacto: BOTICAS BTL LA MARINA DV LIMA         PE ID de la terminal: 26621196 C�digo de ubicaci�n del comercio: 150136 (San Miguel) C�digo del comercio: 302629073,31-01-2018 22:30:20,Ciudadan�a Distrital (10),POS,BOTICAS BTL LA MARINA DELIVERY  (4760599),,se devuelve la llamada del establecimiento indicando que todo se encuentra sin novedad,Atendido,,,,,,,
701430,Interno,Operativo,,,,31-01-2018 22:29:04,Ciudadan�a Distrital (10),IVR,Lorenzo Gonzales Casana (15610626),,LLAMADA DE COORDINACION.,Descartado,,,,,,,
701429,Interno,Operativo,,,,31-01-2018 22:28:43,Ciudadan�a Distrital (10),IVR,Desconocido  (975642140),,LLAMADA DE COORDINACION.,Atendido,,,,,,,
701428,Interno,Operativo,,,Direcci�n del comercio: AVN PRECURSORES NRO 805 C�digo del tipo de alarma: 01 Nombre del comercio: D  CARBON DELIVERY C�digo del tipo de comercio: 7777 Tel�fono del contacto: 4947793 Nombre del contacto: D  CARBON DELIVERY       LIMA         PE ID de la terminal: 25957870 C�digo de ubicaci�n del comercio: 150136 (San Miguel) C�digo del comercio: 601257102,31-01-2018 22:26:57,Ciudadan�a Distrital (10),POS,D  CARBON DELIVERY -  AVN PRECURSORES NRO 805 (4947793),,LLAMADA NO CONCRETADA.,Descartado,,,,,,,
701427,Interno,Operativo,,,Direcci�n del comercio: AVN BRIGIDA SILVA DE OCHOA NRO 284 C�digo del tipo de alarma: 01 Nombre del comercio: TOTOS PIZZA C�digo del tipo de comercio: 7777 Tel�fono del contacto: 012773828 Nombre del contacto: TOTOS PIZZA              LIMA         PE ID de la terminal: 20605534 C�digo de ubicaci�n del comercio: 150136 (San Miguel) C�digo del comercio: 953274906,31-01-2018 22:22:08,Ciudadan�a Distrital (10),POS,TOTOS PIZZA -  AVN BRIGIDA SILVA DE OCHOA NRO 284 (12773828),,SE DEVUELVE LA LLAMADA INDICAN TODO SIN NOVEDAD.,Atendido / falsa alarma,,,,,,,
701426,Interno,Operativo,,,Direcci�n del comercio: AVN ELMER FAUCETT Num 196 Urb MARANGA C�digo del tipo de alarma: 01 Nombre del comercio: KFC 59 CONTISUYO DELIVERY C�digo del tipo de comercio: 9002 Tel�fono del contacto: 5055000 Nombre del contacto: KFC 59 CONTISUYO DELIVERYLIMA         PE ID de la terminal: 26616341 C�digo de ubicaci�n del comercio: 150136 (San Miguel) C�digo del comercio: 100123382,31-01-2018 22:21:01,Ciudadan�a Distrital (10),POS,KFC DELIVERY LA MARINA  (5055000),,SE DEVUELVE LA LLAMADA INDICAN TODO SIN NOVEDAD.,Atendido / falsa alarma,,,,,,,
701425,Interno,Operativo,,,,31-01-2018 22:19:33,Ciudadan�a Distrital (10),IVR,Desconocido  (944493141),,LLAMADA NO CONCRETADA.,Descartado,,,,,,,
701424,Interno,Operativo,,,Direcci�n del comercio: AVN LA MARINA Num CDRA 25 C�digo del tipo de alarma: 01 Nombre del comercio: TELETICKET LA MARINA C�digo del tipo de comercio: 7922 (Espectaculos de temporada) Tel�fono del contacto: 6108888 Nombre del contacto: TELETICKET LA MARINA     LIMA         PE ID de la terminal: 26173799 C�digo de ubicaci�n del comercio: 150136 (San Miguel) C�digo del comercio: 334461828,31-01-2018 22:19:33,Ciudadan�a Distrital (10),POS,TELETICKET METRO LA MARINA  (6108888),,se devuelve la llamada del establecimiento indicando que todo se encuentra sin novedad,Atendido / falsa alarma,,,,,,,
701423,Interno,Operativo,,,,31-01-2018 22:18:25,Ciudadan�a Distrital (10),IVR,Desconocido  (944493141),,LLAMADA NO CONCRETADA.,Descartado,,,,,,,
701422,Interno,Operativo,,,,31-01-2018 22:17:49,Ciudadan�a Distrital (10),IVR,Desconocido  (977475523),,LLAMADA DE COORDINACION.,Descartado,,,,,,,
701421,Interno,Operativo,,,Direcci�n del comercio: AVN LA MARINA NRO 2000 203 C�digo del tipo de alarma: 01 Nombre del comercio: LA LUCHA SANGUCHERIA CRIOLLA C�digo del tipo de comercio: 7777 Tel�fono del contacto: 992651974 Nombre del contacto: LA LUCHA SANGUCHERIA CRIOLIMA         PE ID de la terminal: 22397059 C�digo de ubicaci�n del comercio: 150136 (San Miguel) C�digo del comercio: 600593609,31-01-2018 22:15:01,Ciudadan�a Distrital (10),POS,LA LUCHA SANGUCHERIA CRIOLLA -  AVN LA MARINA NRO 2000 203 (992651974),,se devuelve la llamada del establecimiento indicando que todo se encuentra sin novedad,Atendido / falsa alarma,,,,,,,
701420,Interno,Operativo,,,,31-01-2018 22:10:32,Ciudadan�a Distrital (10),IVR,Desconocido  (16537594),,LLAMADA NO CONCRETADA.,Atendido,,,,,,,
701419,Interno,Operativo,,,,31-01-2018 22:08:17,Ciudadan�a Distrital (10),IVR,Desconocido  (16537594),,LLAMADA DE COORDINACION.,Atendido,,,,,,,
701418,Interno,Operativo,,,,31-01-2018 22:08:09,Ciudadan�a Distrital (10),IVR,Desconocido  (944493141),,LLAMADA DE COORDINACION.,Atendido,,,,,,,
701417,Interno,Operativo,,,,31-01-2018 22:05:43,Ciudadan�a Distrital (10),IVR,Desconocido  (972149667),,LLAMADA DE COORDINACION.,Descartado,,,,,,,
701416,Interno,Operativo,,,Direcci�n del comercio: AVN UNIVERSITARIA LT 1 MZ D6 URB PANDO LOCAL 2 C�digo del tipo de alarma: 01 Nombre del comercio: BEMBOS BURGER GRILL DV C�digo del tipo de comercio: 9002 Tel�fono del contacto: 994211059 Nombre del contacto: BEMBOS BURGER GRILL DV   LIMA         PE ID de la terminal: 26465168 C�digo de ubicaci�n del comercio: 150136 (San Miguel) C�digo del comercio: 101087039,31-01-2018 22:05:03,Ciudadan�a Distrital (10),POS,BEMBOS BURGER GRILL DELIVERY  (994211059),,se devuelve la llamada del establecimiento indicando que todo se encuentra sin novedad,Atendido / falsa alarma,,,,,,,
701415,Interno,Operativo,,,Direcci�n del comercio: AVN LIBERTAD 1503 NRO 1503 C�digo del tipo de alarma: 01 Nombre del comercio: DON JULIAN C�digo del tipo de comercio: 7777 Tel�fono del contacto: 015787290 Nombre del contacto: DON JULIAN               LIMA         PE ID de la terminal: 25946283 C�digo de ubicaci�n del comercio: 150136 (San Miguel) C�digo del comercio: 524280204,31-01-2018 22:05:02,Ciudadan�a Distrital (10),POS,Desconocido  (15787290),,se devuelve la llamada del establecimiento indicando que todo se encuentra sin novedad,Atendido / falsa alarma,,,,,,,
701414,Interno,Operativo,,,,31-01-2018 22:04:58,Ciudadan�a Distrital (10),IVR,Desconocido  (972149667),,LLAMADA NO CONCRETADA.,Descartado,,,,,,,
701413,Interno,Operativo,,,,31-01-2018 22:04:30,Ciudadan�a Distrital (10),IVR,Desconocido  (944493141),,LLAMADA DE COORDINACION.,Atendido,,,,,,,
701412,Interno,Operativo,,,,31-01-2018 22:00:37,Ciudadan�a Distrital (10),IVR,Desconocido  (992816630),,LLAMADA NO CONCRETADA.,Descartado,,,,,,,
701411,Interno,Operativo,,,,31-01-2018 22:00:02,Ciudadan�a Distrital (10),IVR,Desconocido  (992816630),,LLAMADA DE COORDINACION.,Atendido / falsa alarma,,,,,,,
701410,Interno,Operativo,,,,31-01-2018 21:57:59,Ciudadan�a Distrital (10),IVR,Desconocido  (977944603),,LLAMADA DE COORDINACION.,Descartado,,,,,,,
701409,Interno,Operativo,,,,31-01-2018 21:56:52,Ciudadan�a Distrital (10),IVR,Desconocido  (977944603),,LLAMADA DE COORDINACION.,Atendido,,,,,,,
701408,Interno,Operativo,,,,31-01-2018 21:52:51,Ciudadan�a Distrital (10),IVR,Desconocido  (977944603),,LLAMADA NO CONCRETADA.,Atendido,,,,,,,
701407,Interno,Operativo,,,Direcci�n del comercio: AVN LA MARINA Num 2372 C�digo del tipo de alarma: 01 Nombre del comercio: PAPA JOHNS SAN MIGUEL 1 C�digo del tipo de comercio: 9002 Tel�fono del contacto: 2029420 Nombre del contacto: PAPA JOHNS SAN MIGUEL 1  LIMA         PE ID de la terminal: 26472961 C�digo de ubicaci�n del comercio: 150136 (San Miguel) C�digo del comercio: 505897813,31-01-2018 21:47:30,Ciudadan�a Distrital (10),POS,PAPA JOHNS SAN MIGUEL 1  (2029420),,se devuelve la llamada del establecimiento indicando que todo se encuentra sin novedad,Atendido / falsa alarma,,,,,,,
701406,Ruidos o Molestias,Retiro de Consumidores de Alcohol en la v�a p�blica,,,,31-01-2018 21:47:29,Ciudadan�a Distrital (10),IVR,Desconocido  (995183834),,contribuyente indica que en calle 20A hay sujetos libando licor, se comunica al ro.silva quien envia a la unidad el cual indica que brindo recomendaciones y se retiran del lugar. op.moscoso,Atendido,,,,,,
701405,Interno,Operativo,,,Direcci�n del comercio: AVN LA MARINA CC PLAZA SAN MIGUEL  NUM S/N INT 256 C�digo del tipo de alarma: 01 Nombre del comercio: TANTA SAN MIGUEL C�digo del tipo de comercio: 7001 (HOTELES) Tel�fono del contacto: 5663426 Nombre del contacto: TANTA SAN MIGUEL         LIMA         PE ID de la terminal: 25949339 C�digo de ubicaci�n del comercio: 150136 (San Miguel) C�digo del comercio: 509076907,31-01-2018 21:45:15,Ciudadan�a Distrital (10),POS,TANTA  (5663426),,se devuelve la llamada del establecimiento indicando que todo se encuentra sin novedad,Atendido / falsa alarma,,,,,,,
701404,Interno,Operativo,,,,31-01-2018 21:45:00,Ciudadan�a Distrital (10),IVR,Desconocido  (940174408),,llamada no concretada.,Atendido,,,,,,,
701403,Interno,Operativo,,,,31-01-2018 21:44:14,Ciudadan�a Distrital (10),IVR,Desconocido  (986695590),,llamada de coordinacion.,Atendido,,,,,,,
701402,Interno,Operativo,,,,31-01-2018 21:44:12,Ciudadan�a Distrital (10),IVR,Desconocido  (940174408),,llamada no concretada.,Atendido / falsa alarma,,,,,,,
701401,Interno,Operativo,,,Direcci�n del comercio: AVN LA MARINA  NÂº 2355 C�digo del tipo de alarma: 01 Nombre del comercio: TGI FRYDAYS C�digo del tipo de comercio: 5814 (Cafeterias, snacks, servicio express) Tel�fono del contacto: 6106930 Nombre del contacto: TGI FRYDAYS              LIMA         PE ID de la terminal: 26047073 C�digo de ubicaci�n del comercio: 150136 (San Miguel) C�digo del comercio: 298674604,31-01-2018 21:43:50,Ciudadan�a Distrital (10),POS,TGI FRYDAYS  (6106930),,se devuelve la llamada del establecimiento indicando que todo se encuentra sin novedad,Atendido / falsa alarma,,,,,
701400,Interno,Operativo,,,,31-01-2018 21:43:29,Ciudadan�a Distrital (10),IVR,Desconocido  (986695590),,llamada no concretada.,Descartado,,,,,,,
701399,Ruidos o Molestias,Apoyo Diverso al Contribuyente,,,,31-01-2018 21:42:21,Ciudadan�a Distrital (10),IVR,Desconocido  (997851048),,contribuyente indica que en calle c frente a la iglesia san judas tadeo a la altura de la cuadra 16 de la marina hay un camion estacionado descargando materiales de construccion, se comunica al ro.silva quien envia a la unidad int20(campos) el cual indica que brindo recomendaciones y estarian procediendo a guardar sus materiales. op.moscoso47708422,Atendido,,,,,,
701398,Interno,Operativo,,,Direcci�n del comercio: AVN BRIGIDO SILVA DE OCHOA NRO 388 CSR NO BLK NO C�digo del tipo de alarma: 01 Nombre del comercio: PIZZERIA ZARELLE C�digo del tipo de comercio: 7777 Tel�fono del contacto: 015661260 Nombre del contacto: PIZZERIA ZARELLE         LIMA         PE ID de la terminal: 22809404 C�digo de ubicaci�n del comercio: 150136 (San Miguel) C�digo del comercio: 950059603,31-01-2018 21:41:36,Ciudadan�a Distrital (10),POS,Desconocido  (15661260),,se devuelve la llamada del establecimiento indicando que todo se encuentra sin novedad,Atendido / falsa alarma,,,,,,,
701397,Interno,Operativo,,,,31-01-2018 21:35:17,Ciudadan�a Distrital (10),IVR,Desconocido  (992736776),,llamada de coordinacion.,Atendido,,,,,,,
701396,Interno,Operativo,,,,31-01-2018 21:35:05,Ciudadan�a Distrital (10),IVR,Prosegur  Activa Peru S.a. (15138600),,llamada de coordinacion.,Atendido,,,,,,,
701395,Interno,Operativo,,,Direcci�n del comercio: AVN LA MARINA S/N NRO . C�digo del tipo de alarma: 01 Nombre del comercio: CINEPLANET SMIGUEL2 CONFT C�digo del tipo de comercio: 7777 Tel�fono del contacto: 6194400 Nombre del contacto: CINEPLANET SMIGUEL2 CONFTLIMA         PE ID de la terminal: 26474422 C�digo de ubicaci�n del comercio: 150136 (San Miguel) C�digo del comercio: 429683563,31-01-2018 21:34:38,Ciudadan�a Distrital (10),POS,CINEPLANET SAN MIGUEL CONFITERIA  (6194400),,se devuelve la llamada del establecimiento indicando que todo se encuentra sin novedad,Atendido / falsa alarma,,,,,,,
701394,Interno,Operativo,,,Direcci�n del comercio: AVN CESAR LOPEZ NÂº 254 URB. MARANGA C�digo del tipo de alarma: 01 Nombre del comercio: LA NORTENA C�digo del tipo de comercio: 7777 Tel�fono del contacto: 5623326 Nombre del contacto: LA NORTENA               LIMA         PE ID de la terminal: 24054706 C�digo de ubicaci�n del comercio: 150136 (San Miguel) C�digo del comercio: 992057701,31-01-2018 21:34:30,Ciudadan�a Distrital (10),POS,LA NORTEA  (5623326),,se devuelve la llamada del establecimiento indicando que todo se encuentra sin novedad,Atendido / falsa alarma,,,,,,,
701393,Interno,Operativo,,,,31-01-2018 21:34:28,Ciudadan�a Distrital (10),IVR,Desconocido  (992736776),,llamada no concretada.,Descartado,,,,,,,
701392,Interno,Operativo,,,,31-01-2018 21:31:37,Ciudadan�a Distrital (10),IVR,Desconocido  (993430583),,llamada no concretada.,Descartado,,,,,,,
701391,Interno,Operativo,,,Direcci�n del comercio: AVN ELMER FAUCETT Num 196 Urb MARANGA C�digo del tipo de alarma: 01 Nombre del comercio: KFC 59 CONTISUYO DELIVERY C�digo del tipo de comercio: 9002 Tel�fono del contacto: 5055000 Nombre del contacto: KFC 59 CONTISUYO DELIVERYLIMA         PE ID de la terminal: 26616341 C�digo de ubicaci�n del comercio: 150136 (San Miguel) C�digo del comercio: 100123382,31-01-2018 21:31:12,Ciudadan�a Distrital (10),POS,KFC DELIVERY LA MARINA  (5055000),,se devuelve la llamada del establecimiento indicando que todo se encuentra sin novedad,Atendido / falsa alarma,,,,,,,
701390,Interno,Operativo,,,,31-01-2018 21:31:11,Ciudadan�a Distrital (10),IVR,Desconocido  (910023279),,llamada de coordinacion.,Atendido,,,,,,,
701389,Interno,Operativo,,,,31-01-2018 21:30:16,Ciudadan�a Distrital (10),IVR,Desconocido  (910023279),,llamada no concretada.,Atendido,,,,,,,
701388,Interno,Operativo,,,Direcci�n del comercio: AVN ELMER FAUCETT Num 573 Urb MARANGA C�digo del tipo de alarma: 01 Nombre del comercio: BOTICAS BTL FAUCETT DV C�digo del tipo de comercio: 9002 Tel�fono del contacto: 4760599 Nombre del contacto: BOTICAS BTL FAUCETT DV   LIMA         PE ID de la terminal: 26045455 C�digo de ubicaci�n del comercio: 150136 (San Miguel) C�digo del comercio: 302629076,31-01-2018 21:27:08,Ciudadan�a Distrital (10),POS,BOTICAS BTL LA MARINA DELIVERY  (4760599),,se devuelve la llamada del establecimiento indicando que todo se encuentra sin novedad,Atendido / falsa alarma,,,,,,,
701387,Ruidos o Molestias,Retiro de Consumidores de Alcohol en la v�a p�blica,,,,31-01-2018 21:24:58,Ciudadan�a Distrital (10),IVR,Desconocido  (15383503),,contribuyente indica que en calle nueva hay sujetos libando licor, se comunica al ro.silva quien envia a la unidad int9(zamalloa) el cual brindo recomendaciones y se retiraron del lugar. op.moscoso,Atendido,,,,,,
701386,Interno,Operativo,,,,31-01-2018 21:24:45,Ciudadan�a Distrital (10),IVR,Desconocido  (978879260),,llamada de coordinacion.,Atendido,,,,,,,
701385,Interno,Operativo,,,Direcci�n del comercio: AVN UNIVERSITARIA NUM 696 C�digo del tipo de alarma: 01 Nombre del comercio: KFC 70 UNIVERSITARIA DV C�digo del tipo de comercio: 9002 Tel�fono del contacto: 989313154 Nombre del contacto: KFC 70 UNIVERSITARIA DV  LIMA         PE ID de la terminal: 24044821 C�digo de ubicaci�n del comercio: 150136 (San Miguel) C�digo del comercio: 100123009,31-01-2018 21:18:24,Ciudadan�a Distrital (10),POS,KENTUCKY FRIED CHICKEN DELIVERY  (989313154),,se devuelve la llamada del establecimiento indicando que todo se encuentra sin novedad,Atendido / falsa alarma,,,,,,,
701384,Interno,Operativo,,,,31-01-2018 21:17:48,Ciudadan�a Distrital (10),IVR,Desconocido  (980463664),,llamada de coordinacion.,Atendido,,,,,,,
701383,Interno,Operativo,,,,31-01-2018 21:17:06,Ciudadan�a Distrital (10),IVR,Desconocido  (997542320),,llamada no concretada.,Descartado,,,,,,,
701382,Interno,Operativo,,,,31-01-2018 21:16:26,Ciudadan�a Distrital (10),IVR,Desconocido  (942847089),,llamada de coordinacion.,Atendido,,,,,,,
701381,Interno,Operativo,,,,31-01-2018 21:15:58,Ciudadan�a Distrital (10),IVR,Desconocido  (997542320),,llamada de coordinacion.,Atendido,,,,,,,
701380,Interno,Operativo,,,,31-01-2018 21:15:39,Ciudadan�a Distrital (10),IVR,Desconocido  (942847089),,llamada no concretada.,Atendido,,,,,,,
701379,Interno,Operativo,,,Direcci�n del comercio: AVN LA MARINA Num 3151 C�digo del tipo de alarma: 01 Nombre del comercio: RODIZIO LA MARINA C�digo del tipo de comercio: 9002 Tel�fono del contacto: 5944929 Nombre del contacto: RODIZIO LA MARINA        LIMA         PE ID de la terminal: 22809746 C�digo de ubicaci�n del comercio: 150136 (San Miguel) C�digo del comercio: 380286628,31-01-2018 21:11:24,Ciudadan�a Distrital (10),POS,RODIZIO LA MARINA  (5944929),,se devuelve la llamada del establecimiento indicando que todo se encuentra sin novedad,Atendido / falsa alarma,,,,,,,
701378,Interno,Operativo,,,Direcci�n del comercio: AVN UNIVERSITARIA LT 1 MZ D6 URB PANDO LOCAL 2 C�digo del tipo de alarma: 01 Nombre del comercio: BEMBOS BURGER GRILL DV C�digo del tipo de comercio: 9002 Tel�fono del contacto: 994211059 Nombre del contacto: BEMBOS BURGER GRILL DV   LIMA         PE ID de la terminal: 26465168 C�digo de ubicaci�n del comercio: 150136 (San Miguel) C�digo del comercio: 101087039,31-01-2018 21:08:11,Ciudadan�a Distrital (10),POS,BEMBOS BURGER GRILL DELIVERY  (994211059),,se devuelve la llamada del establecimiento indicando que todo se encuentra sin novedad,Atendido / falsa alarma,,,,,,,
701377,Interno,Operativo,,,,31-01-2018 21:07:18,Ciudadan�a Distrital (10),IVR,Desconocido  (984081398),,llamada de coordinacion.,Atendido,,,,,,,
701376,Interno,Operativo,,,,31-01-2018 21:04:37,Ciudadan�a Distrital (10),IVR,Desconocido  (997542320),,llamada no concretada.,Descartado,,,,,,,
701375,Interno,Operativo,,,,31-01-2018 21:03:45,Ciudadan�a Distrital (10),IVR,Desconocido  (966842853),,llamada de coordinacion.,Atendido,,,,,,,
701374,Interno,Operativo,,,Direcci�n del comercio: AVN LA MARINA CDRA. 20 CC PLAZA SAN MIGUEL C�digo del tipo de alarma: 01 Nombre del comercio: PIZZA HUT 06 SAN MIGUEL C�digo del tipo de comercio: 9002 Tel�fono del contacto: 5663651 Nombre del contacto: PIZZA HUT 06 SAN MIGUEL  LIMA         PE ID de la terminal: 26230054 C�digo de ubicaci�n del comercio: 150136 (San Miguel) C�digo del comercio: 100101801,31-01-2018 21:03:01,Ciudadan�a Distrital (10),POS,12 KENTUCKY FRIED CHICKEN  (5663651),,se devuelve la llamada del establecimiento indicando que todo se encuentra sin novedad,Atendido / falsa alarma,,,,,,,
701373,Interno,Operativo,,,Direcci�n del comercio: AVN LA MAR NUM 2251 URB PANDO C�digo del tipo de alarma: 01 Nombre del comercio: VILLA CHICKEN & GRILL DV C�digo del tipo de comercio: 9002 Tel�fono del contacto: 7153229 Nombre del contacto: VILLA CHICKEN   GRILL DV LIMA         PE ID de la terminal: 21738980 C�digo de ubicaci�n del comercio: 150136 (San Miguel) C�digo del comercio: 536676802,31-01-2018 21:00:07,Ciudadan�a Distrital (10),POS,VILLA CHICKEN AND GRILL DELIVERY  (7153229),,se devuelve la llamada del establecimiento indicando que todo se encuentra sin novedad,Atendido / falsa alarma,,,,,,,
701372,Interno,Operativo,,,Direcci�n del comercio: AVN ELMER FAUCETT Num 196 Urb MARANGA C�digo del tipo de alarma: 01 Nombre del comercio: KFC 59 CONTISUYO DELIVERY C�digo del tipo de comercio: 9002 Tel�fono del contacto: 5055000 Nombre del contacto: KFC 59 CONTISUYO DELIVERYLIMA         PE ID de la terminal: 26303056 C�digo de ubicaci�n del comercio: 150136 (San Miguel) C�digo del comercio: 100123382,31-01-2018 20:58:23,Ciudadan�a Distrital (10),POS,KFC DELIVERY LA MARINA  (5055000),,se devuelve la llamada del establecimiento indicando que todo se encuentra sin novedad,Atendido / falsa alarma,,,,,,,
701371,Interno,Operativo,,,Direcci�n del comercio: AVN LA MARINA CRUCE CON LA AV UNIVERSITARIA NRO . C�digo del tipo de alarma: 01 Nombre del comercio: BODEGA DE LA TRATTORIA C�digo del tipo de comercio: 5812 (Restaurants) Tel�fono del contacto: 945407269 Nombre del contacto: BODEGA DE LA TRATTORIA   LIMA         PE ID de la terminal: 24760368 C�digo de ubicaci�n del comercio: 150136 (San Miguel) C�digo del comercio: 101904811,31-01-2018 20:54:11,Ciudadan�a Distrital (10),POS,BODEGA DE LA TRATTORIA -  AVN LA MARINA CRUCE CON LA AV UNIVERSITARIA NRO . (945407269),,se devuelve la llamada del establecimiento indicando que todo se encuentra sin novedad,Atendido / falsa alarma,,,,,,,
701370,Interno,Operativo,,,,31-01-2018 20:53:27,Ciudadan�a Distrital (10),IVR,Desconocido  (997542320),,llamada no concretada.,Descartado,,,,,,,
701369,Interno,Operativo,,,Direcci�n del comercio: AVN LA MAR Num 2251 Urb PANDO C�digo del tipo de alarma: 01 Nombre del comercio: VILLA CHICKEN Y GRILL C�digo del tipo de comercio: 9002 Tel�fono del contacto: 7153232 Nombre del contacto: VILLA CHICKEN Y GRILL    LIMA         PE ID de la terminal: 26176203 C�digo de ubicaci�n del comercio: 150136 (San Miguel) C�digo del comercio: 536676801,31-01-2018 20:53:16,Ciudadan�a Distrital (10),POS,VILLA CHICKEN Y GRILL  (7153232),,se devuelve la llamada del establecimiento indicando que todo se encuentra sin novedad,Atendido / falsa alarma,,,,,,,
701368,Interno,Operativo,,,Direcci�n del comercio: AVN LA MARINA Num 3151 C�digo del tipo de alarma: 01 Nombre del comercio: RODIZIO LA MARINA C�digo del tipo de comercio: 9002 Tel�fono del contacto: 5944929 Nombre del contacto: RODIZIO LA MARINA        LIMA         PE ID de la terminal: 22809746 C�digo de ubicaci�n del comercio: 150136 (San Miguel) C�digo del comercio: 380286628,31-01-2018 20:47:16,Ciudadan�a Distrital (10),POS,RODIZIO LA MARINA  (5944929),,se devuelve la llamada del establecimiento indicando que todo se encuentra sin novedad,Atendido / falsa alarma,,,,,,,
701367,Interno,Operativo,,,,31-01-2018 20:42:40,Ciudadan�a Distrital (10),IVR,Desconocido  (996168059),,llamada no concretada.,Atendido,,,,,,,
701366,Ruidos o Molestias,Apoyo Diverso al Contribuyente,,,,31-01-2018 20:38:34,Ciudadan�a Distrital (10),IVR,Desconocido  (17285933),,CONTRIBUYENTE INDICA QUE EN BERTOLOTO7BOLOGNESI HAY UN VEHICULO COLOR OSCURO QUE IMPIDE LA SALIDA DE COCHERA, SE ENVIA A LA UNIDAD INT11 EL CUAL BRINDO RECOMENDACIONES, ASI MISMO SE RETIRO EL VEHICULO. OP.MOSCOSO,Atendido,,,,,
701365,Interno,Operativo,,,,31-01-2018 20:37:32,Ciudadan�a Distrital (10),IVR,Desconocido  (17285933),,LLAMADA NO CONCRETADA.,Descartado,,,,,,,
701364,Interno,Operativo,,,Direcci�n del comercio: AVN UNIVERSITARIA NUM 692-694 C�digo del tipo de alarma: 01 Nombre del comercio: PHD 11 UNIVERSITARIA DV C�digo del tipo de comercio: 9002 Tel�fono del contacto: 982382918 Nombre del contacto: PHD 11 UNIVERSITARIA DV  LIMA         PE ID de la terminal: 26317074 C�digo de ubicaci�n del comercio: 150136 (San Miguel) C�digo del comercio: 153045107,31-01-2018 20:37:29,Ciudadan�a Distrital (10),POS,PIZZA HUT DELIVERY  (982382918),,se devuelve la llamada del establecimiento indicando que todo se encuentra sin novedad,Atendido / falsa alarma,,,,,,,
701363,Interno,Operativo,,,,31-01-2018 20:35:15,Ciudadan�a Distrital (10),IVR,Desconocido  (997542320),,llamada no concretada.,Atendido,,,,,,,
701362,Interno,Operativo,,,,31-01-2018 20:34:56,Ciudadan�a Distrital (10),IVR,Desconocido  (935189107),,llamada de coordinacion.,Atendido,,,,,,,
701361,Interno,Operativo,,,Direcci�n del comercio: AVN UNIVERSITARIA NUM 696 C�digo del tipo de alarma: 01 Nombre del comercio: KFC 70 UNIVERSITARIA DV C�digo del tipo de comercio: 9002 Tel�fono del contacto: 989313154 Nombre del contacto: KFC 70 UNIVERSITARIA DV  LIMA         PE ID de la terminal: 24999718 C�digo de ubicaci�n del comercio: 150136 (San Miguel) C�digo del comercio: 100123009,31-01-2018 20:33:38,Ciudadan�a Distrital (10),POS,KENTUCKY FRIED CHICKEN DELIVERY  (989313154),,se devuelve la llamada del establecimiento indicando que todo se encuentra sin novedad,Atendido / falsa alarma,,,,,,,
701360,Interno,Operativo,,,,31-01-2018 20:32:56,Ciudadan�a Distrital (10),IVR,Desconocido  (14612476),,llamada de coordinacion.,Atendido,,,,,,,
701359,Interno,Operativo,,,Direcci�n del comercio: AVN LA MARINA NRO 2365 TDA 16-A C�digo del tipo de alarma: 01 Nombre del comercio: GMO OPEN PLAZA MARINA C�digo del tipo de comercio: 8043 (Opticos) Tel�fono del contacto: 5665478 Nombre del contacto: GMO OPEN PLAZA MARINA    LIMA         PE ID de la terminal: 23110483 C�digo de ubicaci�n del comercio: 150136 (San Miguel) C�digo del comercio: 467675108,31-01-2018 20:32:37,Ciudadan�a Distrital (10),POS,GMO OPEN PLAZA MARINA -  AVN LA MARINA NRO 2365 TDA 16-A (5665478),,se devuelve la llamada del establecimiento indicando que todo se encuentra sin novedad,Atendido / falsa alarma,,,,,,,
701358,Interno,Operativo,,,,31-01-2018 20:31:27,Ciudadan�a Distrital (10),IVR,Desconocido  (992064426),,llamada no concretada.,Descartado,,,,,,,
701357,Interno,Operativo,,,Direcci�n del comercio: AVN LA MARINA NÂº 2025 -2027 C�digo del tipo de alarma: 01 Nombre del comercio: 04 NEWPORT CAPITAL C�digo del tipo de comercio: 7995 (Casinos y juegos de azar) Tel�fono del contacto: 5662854 Nombre del contacto: 04 NEWPORT CAPITAL       LIMA         PE ID de la terminal: 80535111 C�digo de ubicaci�n del comercio: 150136 (San Miguel) C�digo del comercio: 513020704,31-01-2018 20:30:15,Ciudadan�a Distrital (10),POS,NEWPORT CAPITAL  (5662854),,se devuelve la llamada del establecimiento indicando que todo se encuentra sin novedad,Atendido / falsa alarma,,,,,,,
701356,Interno,Operativo,,,Direcci�n del comercio: AVN ELMER FAUCETT Num 196 Urb MARANGA C�digo del tipo de alarma: 01 Nombre del comercio: PHD 03 CONTISUYO DELIVERY C�digo del tipo de comercio: 9002 Tel�fono del contacto: 5055000 Nombre del contacto: PHD 03 CONTISUYO DELIVERYLIMA         PE ID de la terminal: 26618699 C�digo de ubicaci�n del comercio: 150136 (San Miguel) C�digo del comercio: 153045081,31-01-2018 20:28:34,Ciudadan�a Distrital (10),POS,KFC DELIVERY LA MARINA  (5055000),,se devuelve la llamada del establecimiento indicando que todo se encuentra sin novedad,Atendido / falsa alarma,,,,,,,
701355,Interno,Operativo,,,Direcci�n del comercio: AVN LA MARINA NÂº 3271 C�digo del tipo de alarma: 01 Nombre del comercio: NORKYS 01 C�digo del tipo de comercio: 9002 Tel�fono del contacto: 5782592 Nombre del contacto: NORKYS 01                LIMA         PE ID de la terminal: 26537183 C�digo de ubicaci�n del comercio: 150136 (San Miguel) C�digo del comercio: 515649501,31-01-2018 20:23:52,Ciudadan�a Distrital (10),POS,NORKYS 01  (5782592),,se devuelve la llamada del establecimiento indicando que todo se encuentra sin novedad,Atendido / falsa alarma,,,,,,,
701354,Interno,Operativo,,,Direcci�n del comercio: AVN LA MARINA Num 3151 C�digo del tipo de alarma: 01 Nombre del comercio: RODIZIO LA MARINA C�digo del tipo de comercio: 9002 Tel�fono del contacto: 5944929 Nombre del contacto: RODIZIO LA MARINA        LIMA         PE ID de la terminal: 22809746 C�digo de ubicaci�n del comercio: 150136 (San Miguel) C�digo del comercio: 380286628,31-01-2018 20:16:16,Ciudadan�a Distrital (10),POS,RODIZIO LA MARINA  (5944929),,se devuelve la llamada del establecimiento indicando que todo se encuentra sin novedad,Atendido / falsa alarma,,,,,,,
701353,Interno,Operativo,,,Direcci�n del comercio: AVN LA MARINA S/N NRO . C�digo del tipo de alarma: 01 Nombre del comercio: CINEPLANET SMIGUEL2 CONFT C�digo del tipo de comercio: 7777 Tel�fono del contacto: 6194400 Nombre del contacto: CINEPLANET SMIGUEL2 CONFTLIMA         PE ID de la terminal: 26645277 C�digo de ubicaci�n del comercio: 150136 (San Miguel) C�digo del comercio: 429683563,31-01-2018 20:15:55,Ciudadan�a Distrital (10),POS,CINEPLANET SAN MIGUEL CONFITERIA  (6194400),,se devuelve la llamada del establecimiento indicando que todo se encuentra sin novedad,Atendido / falsa alarma,,,,,,,
701352,Interno,Operativo,,,Direcci�n del comercio: PLZ CC PLAZA SAN MIGUEL TDA. 250 2DO. NIVEL C�digo del tipo de alarma: 01 Nombre del comercio: PARDOS CHICKEN C�digo del tipo de comercio: 9002 Tel�fono del contacto: 5663494 Nombre del contacto: PARDOS CHICKEN           LIMA         PE ID de la terminal: 25946258 C�digo de ubicaci�n del comercio: 150136 (San Miguel) C�digo del comercio: 502301503,31-01-2018 20:14:30,Ciudadan�a Distrital (10),POS,PARDOS CHICKEN  (5663494),,se devuelve la llamada del establecimiento indicando que todo se encuentra sin novedad,Atendido / falsa alarma,,,,,,,
701351,Interno,Operativo,,,Direcci�n del comercio: AVN CESAR LOPEZ NÂº 254 URB. MARANGA C�digo del tipo de alarma: 01 Nombre del comercio: LA NORTENA C�digo del tipo de comercio: 7777 Tel�fono del contacto: 5623326 Nombre del contacto: LA NORTENA               LIMA         PE ID de la terminal: 24054706 C�digo de ubicaci�n del comercio: 150136 (San Miguel) C�digo del comercio: 992057701,31-01-2018 20:08:47,Ciudadan�a Distrital (10),POS,LA NORTEA  (5623326),,se devuelve la llamada del establecimiento indicando que todo se encuentra sin novedad,Atendido,,,,,,,
701350,Interno,Operativo,,,,31-01-2018 20:08:01,Ciudadan�a Distrital (10),IVR,Desconocido  (991021397),,CASO REPETIDO N�701343,Repetido,,,,,,,
701349,Interno,Operativo,,,Direcci�n del comercio: AVN UNIVERSITARIA NUM 692-694 C�digo del tipo de alarma: 01 Nombre del comercio: PHD 11 UNIVERSITARIA DV C�digo del tipo de comercio: 9002 Tel�fono del contacto: 982382918 Nombre del contacto: PHD 11 UNIVERSITARIA DV  LIMA         PE ID de la terminal: 26283842 C�digo de ubicaci�n del comercio: 150136 (San Miguel) C�digo del comercio: 153045107,31-01-2018 20:06:54,Ciudadan�a Distrital (10),POS,PIZZA HUT DELIVERY  (982382918),,se devuelve la llamada del establecimiento indicando que todo se encuentra sin novedad,Atendido / falsa alarma,,,,,,,
701348,Interno,Operativo,,,Direcci�n del comercio: AVN LA MARINA Num 2372 C�digo del tipo de alarma: 01 Nombre del comercio: PAPA JOHNS SAN MIGUEL 1 C�digo del tipo de comercio: 9002 Tel�fono del contacto: 2029420 Nombre del contacto: PAPA JOHNS SAN MIGUEL 1  LIMA         PE ID de la terminal: 25942693 C�digo de ubicaci�n del comercio: 150136 (San Miguel) C�digo del comercio: 505897813,31-01-2018 20:03:33,Ciudadan�a Distrital (10),POS,PAPA JOHNS SAN MIGUEL 1  (2029420),,se devuelve la llamada del establecimiento indicando que todo se encuentra sin novedad,Atendido / falsa alarma,,,,,,,
701347,Interno,Operativo,,,Direcci�n del comercio: AVN BRIGIDO SILVA DE OCHOA NRO 388 CSR NO BLK NO C�digo del tipo de alarma: 01 Nombre del comercio: PIZZERIA ZARELLE C�digo del tipo de comercio: 7777 Tel�fono del contacto: 015661260 Nombre del contacto: PIZZERIA ZARELLE         LIMA         PE ID de la terminal: 22809404 C�digo de ubicaci�n del comercio: 150136 (San Miguel) C�digo del comercio: 950059603,31-01-2018 20:03:31,Ciudadan�a Distrital (10),POS,Desconocido  (15661260),,se devuelve la llamada del establecimiento indicando que todo se encuentra sin novedad,Atendido / falsa alarma,,,,,,,
701346,Interno,Operativo,,,Direcci�n del comercio: AVN ELMER FAUCETT Num 196 Urb MARANGA C�digo del tipo de alarma: 01 Nombre del comercio: PHD 03 CONTISUYO DELIVERY C�digo del tipo de comercio: 9002 Tel�fono del contacto: 5055000 Nombre del contacto: PHD 03 CONTISUYO DELIVERYLIMA         PE ID de la terminal: 26317154 C�digo de ubicaci�n del comercio: 150136 (San Miguel) C�digo del comercio: 153045081,31-01-2018 20:00:43,Ciudadan�a Distrital (10),POS,KFC DELIVERY LA MARINA  (5055000),,se devuelve la llamada del establecimiento indicando que todo se encuentra sin novedad,Atendido / falsa alarma,,,,,,,
701345,Ruidos o Molestias,Apoyo Diverso al Contribuyente,,,,31-01-2018 20:00:38,Ciudadan�a Distrital (10),IVR,Desconocido  (990886084),,contribuyente solicita ambulancia en precursores n�721, se envia a la ambulancia n�1 a cargo del paramedico victor dioses quien lo derivo al hospital santa rosa. op.moscoso47708422,Atendido,,,,,,
701344,Interno,Operativo,,,Direcci�n del comercio: AVN UNIVERSITARIA NUM 696 C�digo del tipo de alarma: 01 Nombre del comercio: KFC 70 UNIVERSITARIA DV C�digo del tipo de comercio: 9002 Tel�fono del contacto: 989313154 Nombre del contacto: KFC 70 UNIVERSITARIA DV  LIMA         PE ID de la terminal: 26617369 C�digo de ubicaci�n del comercio: 150136 (San Miguel) C�digo del comercio: 100123009,31-01-2018 19:58:34,Ciudadan�a Distrital (10),POS,KENTUCKY FRIED CHICKEN DELIVERY  (989313154),,se devuelve la llamada del establecimiento indicando que todo se encuentra sin novedad,Atendido / falsa alarma,,,,,,,
701343,Ruidos o Molestias,Apoyo Diverso al Contribuyente,,,,31-01-2018 19:56:27,Ciudadan�a Distrital (10),IVR,Desconocido  (991021397),,CONTRIBUYENTE INDICA QUE EN CALLE 20A HAY VEHICULOS MAL ESATACIONADOS ASI MISMO MICXIONAN EN VIA PUBLICA, SE COMUNICA A SUPERVISOR PE�A(HERCULES) EL CUAL INDICA QUE SE PROCEDE A LIMPIAR LA ZONA JUNTO A EFECTIVOS POLICIALES, QUEDANDO TODO SIN NOVEDAD SE RETIRA DEL PUNTO. OP.MOSCOSO,Atendido,,,,,
701342,Interno,Operativo,,,,31-01-2018 19:56:23,Ciudadan�a Distrital (10),IVR,Desconocido  (966428029),,llamada no concretada.,Descartado,,,,,,,
701341,Interno,Operativo,,,Direcci�n del comercio: AVN BRIGIDA SILVA DE OCHOA NRO 134 URB PANDO C�digo del tipo de alarma: 01 Nombre del comercio: MONTE BIANCO LICORES DELI C�digo del tipo de comercio: 7777 Tel�fono del contacto: 5663283 Nombre del contacto: MONTE BIANCO LICORES DELILIMA         PE ID de la terminal: 26621425 C�digo de ubicaci�n del comercio: 150136 (San Miguel) C�digo del comercio: 956763202,31-01-2018 19:56:02,Ciudadan�a Distrital (10),POS,MONTE BIANCO LICORES DELI -  AVN BRIGIDA SILVA DE OCHOA NRO 134 URB PANDO (5663283),,se devuelve la llamada del establecimiento indicando que todo se encuentra sin novedad,Atendido / falsa alarma,,,,,,,
701340,Interno,Operativo,,,,31-01-2018 19:55:42,Ciudadan�a Distrital (10),IVR,Desconocido  (991021397),,LLAMADA NO CONCRETADA.,Atendido / falsa alarma,,,,,,,
701339,Interno,Operativo,,,Direcci�n del comercio: AVN RIVA AGUERO /ESQUINA  LOS SAUCES MZ./LT. B - 2 C�digo del tipo de alarma: 01 Nombre del comercio: MUEBLERIA PANDO C�digo del tipo de comercio: 7777 Tel�fono del contacto: 5621679 Nombre del contacto: MUEBLERIA PANDO          LIMA         PE ID de la terminal: 26176074 C�digo de ubicaci�n del comercio: 150136 (San Miguel) C�digo del comercio: 934751801,31-01-2018 19:55:27,Ciudadan�a Distrital (10),POS,MUEBLERIA PANDO -  AVN RIVA AGUERO /ESQUINA  LOS SAUCES MZ./LT. B - 2 (5621679),,se devuelve la llamada del establecimiento indicando que todo se encuentra sin novedad,Atendido / falsa alarma,,,,,,,
701338,Interno,Operativo,,,,31-01-2018 19:54:55,Ciudadan�a Distrital (10),IVR,Desconocido  (991021397),,LLAMADA NO CONCRETADA.,Descartado,,,,,,,
701337,Interno,Operativo,,,Direcci�n del comercio: AVN UNIVERSITARIA NRO 855 C�digo del tipo de alarma: 01 Nombre del comercio: PUESTO 57 C�digo del tipo de comercio: 7777 Tel�fono del contacto: 995581048 Nombre del contacto: PUESTO 57                LIMA         PE ID de la terminal: 23917671 C�digo de ubicaci�n del comercio: 150136 (San Miguel) C�digo del comercio: 979469502,31-01-2018 19:54:31,Ciudadan�a Distrital (10),POS,Desconocido  (995581048),,se devuelve la llamada del establecimiento indicando que todo se encuentra sin novedad,Atendido / falsa alarma,,,,,,,
701336,Interno,Operativo,,,,31-01-2018 19:53:48,Ciudadan�a Distrital (10),IVR,Desconocido  (968017609),,LLAMADA DE COORDINACION.,Descartado,,,,,,,
701335,Interno,Operativo,,,,31-01-2018 19:53:03,Ciudadan�a Distrital (10),IVR,Desconocido  (968017609),,LLAMADA NO CONCRETADA.,Descartado,,,,,,,
701334,Interno,Operativo,,,,31-01-2018 19:52:01,Ciudadan�a Distrital (10),IVR,Desconocido  (993090247),,LLAMADA DE COORDINACION.,Atendido,,,,,,,
701333,Interno,Operativo,,,,31-01-2018 19:49:50,Ciudadan�a Distrital (10),IVR,Desconocido  (999063895),,LLAMADA DE COORDINACION.,Atendido,,,,,,,
701332,Interno,Operativo,,,,31-01-2018 19:49:05,Ciudadan�a Distrital (10),IVR,Desconocido  (15662559),,LLAMADA NO CONCRETADA.,Descartado,,,,,,,
701331,Interno,Operativo,,,,31-01-2018 19:46:08,Ciudadan�a Distrital (10),IVR,Desconocido  (955739373),,CONTRIBUYENTE INDICA QUE EN CALLE MORONA HAY VEHICULOS MAL ESTACIONADOS, SE COMUNICA AL MODULO DE TRANSITO QUIEN SE HIZO CARGO DE LA NOVEDAD.,Atendido,,,,,,
701330,Interno,Operativo,,,Direcci�n del comercio: AVN LA MARINA CRUCE CON LA AV UNIVERSITARIA NRO . C�digo del tipo de alarma: 01 Nombre del comercio: BODEGA DE LA TRATTORIA C�digo del tipo de comercio: 5812 (Restaurants) Tel�fono del contacto: 945407269 Nombre del contacto: BODEGA DE LA TRATTORIA   LIMA         PE ID de la terminal: 26047219 C�digo de ubicaci�n del comercio: 150136 (San Miguel) C�digo del comercio: 101904811,31-01-2018 19:45:54,Ciudadan�a Distrital (10),POS,BODEGA DE LA TRATTORIA -  AVN LA MARINA CRUCE CON LA AV UNIVERSITARIA NRO . (945407269),,se devuelve la llamada del establecimiento indicando que todo se encuentra sin novedad,Atendido / falsa alarma,,,,,,,
701329,Interno,Operativo,,,,31-01-2018 19:45:19,Ciudadan�a Distrital (10),IVR,Desconocido  (955739373),,LLAMADA NO CONCRETADA.,Descartado,,,,,,,
701328,Interno,Operativo,,,Direcci�n del comercio: AVN LA MARINA Num 2645 C�digo del tipo de alarma: 01 Nombre del comercio: NORKYS MARINA DELIVERY C�digo del tipo de comercio: 9002 Tel�fono del contacto: 5782789 Nombre del contacto: NORKYS MARINA DELIVERY   LIMA         PE ID de la terminal: 25809419 C�digo de ubicaci�n del comercio: 150136 (San Miguel) C�digo del comercio: 515687502,31-01-2018 19:44:53,Ciudadan�a Distrital (10),POS,NORKYS MARINA DELIVERY  (5782789),,se devuelve la llamada del establecimiento indicando que todo se encuentra sin novedad,Atendido / falsa alarma,,,,,,,
701327,Interno,Operativo,,,,31-01-2018 19:44:01,Ciudadan�a Distrital (10),IVR,Desconocido  (961942969),,LLAMADA DE COORDINACION.,Atendido,,,,,,,
701326,Interno,Operativo,,,Direcci�n del comercio: AVN FAUCETT 481 ESQ. MIGUEL HIDALGO MARANGA C�digo del tipo de alarma: 01 Nombre del comercio: E/S FAUCETT C�digo del tipo de comercio: 9002 Tel�fono del contacto: 5621986 Nombre del contacto: E S FAUCETT              LIMA         PE ID de la terminal: 24304377 C�digo de ubicaci�n del comercio: 150136 (San Miguel) C�digo del comercio: 503840120,31-01-2018 19:37:59,Ciudadan�a Distrital (10),POS,E/S FAUCETT  (5621986),,se devuelve la llamada del establecimiento indicando que todo se encuentra sin novedad,Atendido / falsa alarma,,,,,,,
701325,Interno,Operativo,,,Direcci�n del comercio: AVN LA MARINA NRO 2238 C�digo del tipo de alarma: 01 Nombre del comercio: PARDOS CHICKEN C�digo del tipo de comercio: 9002 Tel�fono del contacto: 994836179 Nombre del contacto: PARDOS CHICKEN           LIMA         PE ID de la terminal: 25480135 C�digo de ubicaci�n del comercio: 150136 (San Miguel) C�digo del comercio: 502301508,31-01-2018 19:36:10,Ciudadan�a Distrital (10),POS,PARDOS CHICKEN  (994836179),,se devuelve la llamada del establecimiento indicando que todo se encuentra sin novedad,Atendido / falsa alarma,,,,,,,
701324,Interno,Operativo,,,,31-01-2018 19:33:11,Ciudadan�a Distrital (10),IVR,Desconocido  (993213856),,LLAMADA DE COORDINACION.,Atendido / falsa alarma,,,,,,,
701323,Interno,Operativo,,,Direcci�n del comercio: AVN LA MARINA NRO 2000 INT M-204 CCO PLAZA SAN MIG C�digo del tipo de alarma: 01 Nombre del comercio: TOKU C�digo del tipo de comercio: 9002 Tel�fono del contacto: 2243330 Nombre del contacto: TOKU                     LIMA         PE ID de la terminal: 25051210 C�digo de ubicaci�n del comercio: 150136 (San Miguel) C�digo del comercio: 600011302,31-01-2018 19:32:14,Ciudadan�a Distrital (10),POS,TOKU -  AVN LA MARINA NRO 2000 INT M-204 CCO PLAZA SAN MIG (2243330),,se devuelve la llamada del establecimiento indicando que todo se encuentra sin novedad,Atendido / falsa alarma,,,,,,,
701322,Interno,Operativo,,,,31-01-2018 19:28:35,Ciudadan�a Distrital (10),IVR,Desconocido  (948975764),,LLAMADA DE COORDINACION.,Atendido,,,,,,,
701321,Interno,Operativo,,,Direcci�n del comercio: AVN LA PAZ NRO 2561 INT 103 C�digo del tipo de alarma: 01 Nombre del comercio: PEACE AND PETS C�digo del tipo de comercio: 7777 Tel�fono del contacto: 943573412 Nombre del contacto: PEACE AND PETS           LIMA         PE ID de la terminal: 26470048 C�digo de ubicaci�n del comercio: 150136 (San Miguel) C�digo del comercio: 601646401,31-01-2018 19:26:18,Ciudadan�a Distrital (10),POS,Desconocido  (943573412),,se devuelve la llamada del establecimiento indicando que todo se encuentra sin novedad,Atendido / falsa alarma,,,,,,,
701320,Interno,Operativo,,,,31-01-2018 19:23:05,Ciudadan�a Distrital (10),IVR,Desconocido  (999992792),,LLAMADA DE COORDINACION.,Atendido,,,,,,,
701319,Interno,Operativo,,,Direcci�n del comercio: AVN UNIVERSITARIA ESQ LA MARINA C�digo del tipo de alarma: 01 Nombre del comercio: MC DONALDS MAR C�digo del tipo de comercio: 5814 (Cafeterias, snacks, servicio express) Tel�fono del contacto: 4609466 Nombre del contacto: MC DONALDS MAR           LIMA         PE ID de la terminal: 32295441 C�digo de ubicaci�n del comercio: 150136 (San Miguel) C�digo del comercio: 376289215,31-01-2018 19:21:43,Ciudadan�a Distrital (10),POS,MC DONALD'S  (4609466),,se devuelve la llamada del establecimiento indicando que todo se encuentra sin novedad,Atendido / falsa alarma,,,,,
701318,Ruidos o Molestias,Apoyo Diverso al Contribuyente,,,,31-01-2018 19:21:18,Ciudadan�a Distrital (10),IVR,Desconocido  (997724651),,CONTRIBUYENTE INDICA QUE EN SANTA ANA / BOLOGNESI HAY TRANFICO, SE COMUNICA AL AREA DE TRANSITO QUIEN SE HIZO CARGO DE LA NOVEDAD.,Atendido,,,,,,
701317,Interno,Operativo,,,,31-01-2018 19:20:26,Ciudadan�a Distrital (10),IVR,Desconocido  (997724651),,LLAMADA NO CONCRETADA.,Descartado,,,,,,,
701316,Interno,Operativo,,,,31-01-2018 19:16:29,Ciudadan�a Distrital (10),IVR,Desconocido  (992973784),,LLAMADA NO CONCRETADA.,Atendido / falsa alarma,,,,,,,
701315,Interno,Operativo,,,,31-01-2018 19:16:07,Ciudadan�a Distrital (10),IVR,Desconocido  (954641907),,LLAMADA DE COORDINACION.,Atendido,,,,,,,
701314,Interno,Operativo,,,Direcci�n del comercio: AVN LA MARINA Num 2097 C�digo del tipo de alarma: 01 Nombre del comercio: BOTICAS BTL LA MARINA DV C�digo del tipo de comercio: 9002 Tel�fono del contacto: 4760599 Nombre del contacto: BOTICAS BTL LA MARINA DV LIMA         PE ID de la terminal: 26466738 C�digo de ubicaci�n del comercio: 150136 (San Miguel) C�digo del comercio: 302629073,31-01-2018 19:08:03,Ciudadan�a Distrital (10),POS,BOTICAS BTL LA MARINA DELIVERY  (4760599),,SE DEVUELVE LA LLAMADA INDICAN TODO SIN NOVEDAD.,Atendido / falsa alarma,,,,,,,
701313,Interno,Operativo,,,,31-01-2018 19:03:09,Ciudadan�a Distrital (10),IVR,Desconocido  (992973784),,LLAMADA DE COORDINACION.,Descartado,,,,,,,
701312,Interno,Operativo,,,,31-01-2018 19:02:23,Ciudadan�a Distrital (10),IVR,Desconocido  (13405049),,LLAMADA DE COORDINACION.,Atendido,,,,,,,
701311,Interno,Operativo,,,,31-01-2018 19:02:06,Ciudadan�a Distrital (10),IVR,Desconocido  (15668730),,LLAMADA NO CONCRETADA.,Descartado,,,,,,,
